{
  "ents_f": 90.7179108155,
  "ents_p": 90.8531048912,
  "ents_per_type": {
    "LOC": {
      "f": 92.8585205057,
      "p": 92.6100793901,
      "r": 93.1082981716
    },
    "MISC": {
      "f": 80.722686211,
      "p": 83.2630098453,
      "r": 78.3327820046
    },
    "ORG": {
      "f": 84.7042828008,
      "p": 85.9507932858,
      "r": 83.4934107661
    },
    "PER": {
      "f": 92.739301566,
      "p": 92.0378989362,
      "r": 93.4514767932
    }
  },
  "ents_r": 90.5831184933,
  "las": 87.2199504694,
  "las_per_type": {
    "acl": {
      "f": 62.1621621622,
      "p": 64.4859813084,
      "r": 60.0
    },
    "acl:relcl": {
      "f": 70.6422018349,
      "p": 70.0,
      "r": 71.2962962963
    },
    "advcl": {
      "f": 63.453815261,
      "p": 57.2463768116,
      "r": 71.1711711712
    },
    "advmod": {
      "f": 82.0143884892,
      "p": 82.3699421965,
      "r": 81.6618911175
    },
    "amod": {
      "f": 93.3823529412,
      "p": 93.842364532,
      "r": 92.9268292683
    },
    "appos": {
      "f": 70.9677419355,
      "p": 69.5402298851,
      "r": 72.4550898204
    },
    "aux": {
      "f": 90.625,
      "p": 90.625,
      "r": 90.625
    },
    "aux:pass": {
      "f": 99.2592592593,
      "p": 98.5294117647,
      "r": 100.0
    },
    "case": {
      "f": 98.1144135507,
      "p": 98.0204342273,
      "r": 98.2085732566
    },
    "cc": {
      "f": 90.5172413793,
      "p": 90.1287553648,
      "r": 90.9090909091
    },
    "ccomp": {
      "f": 73.786407767,
      "p": 74.5098039216,
      "r": 73.0769230769
    },
    "compound": {
      "f": 60.0,
      "p": 100.0,
      "r": 42.8571428571
    },
    "conj": {
      "f": 66.2835249042,
      "p": 66.7953667954,
      "r": 65.7794676806
    },
    "cop": {
      "f": 90.0343642612,
      "p": 86.7549668874,
      "r": 93.5714285714
    },
    "csubj": {
      "f": 54.5454545455,
      "p": 100.0,
      "r": 37.5
    },
    "dep": {
      "f": 0.0,
      "p": 0.0,
      "r": 0.0
    },
    "det": {
      "f": 96.5250965251,
      "p": 96.6850828729,
      "r": 96.3656387665
    },
    "discourse": {
      "f": 0.0,
      "p": 0.0,
      "r": 0.0
    },
    "expl": {
      "f": 86.9565217391,
      "p": 76.9230769231,
      "r": 100.0
    },
    "fixed": {
      "f": 81.3559322034,
      "p": 82.7586206897,
      "r": 80.0
    },
    "flat": {
      "f": 96.1538461538,
      "p": 96.1538461538,
      "r": 96.1538461538
    },
    "flat:foreign": {
      "f": 57.1428571429,
      "p": 66.6666666667,
      "r": 50.0
    },
    "flat:name": {
      "f": 90.7180385289,
      "p": 88.3959044369,
      "r": 93.1654676259
    },
    "iobj": {
      "f": 40.0,
      "p": 75.0,
      "r": 27.2727272727
    },
    "mark": {
      "f": 87.1428571429,
      "p": 88.8349514563,
      "r": 85.5140186916
    },
    "nmod": {
      "f": 83.6644591611,
      "p": 83.0230010953,
      "r": 84.3159065628
    },
    "nsubj": {
      "f": 88.5389326334,
      "p": 88.927943761,
      "r": 88.1533101045
    },
    "nsubj:pass": {
      "f": 89.3203883495,
      "p": 92.0,
      "r": 86.7924528302
    },
    "nummod": {
      "f": 95.737704918,
      "p": 97.9865771812,
      "r": 93.5897435897
    },
    "obj": {
      "f": 85.8527131783,
      "p": 87.0333988212,
      "r": 84.7036328872
    },
    "obl": {
      "f": 72.375127421,
      "p": 71.5725806452,
      "r": 73.1958762887
    },
    "obl:agent": {
      "f": 84.8484848485,
      "p": 77.7777777778,
      "r": 93.3333333333
    },
    "orphan": {
      "f": 0.0,
      "p": 0.0,
      "r": 0.0
    },
    "parataxis": {
      "f": 47.8260869565,
      "p": 55.9322033898,
      "r": 41.7721518987
    },
    "root": {
      "f": 91.1685994648,
      "p": 91.0873440285,
      "r": 91.25
    },
    "vocative": {
      "f": 0.0,
      "p": 0.0,
      "r": 0.0
    },
    "xcomp": {
      "f": 79.674796748,
      "p": 82.3529411765,
      "r": 77.1653543307
    }
  },
  "tags_acc": 94.8515930826,
  "token_acc": 99.8811881188,
  "uas": 90.9520244197
}